time_step, score
0, 0.7777777777777778
1, 0.7777777777777778
2, 0.7777777777777778
3, 0.7777777777777778
4, 0.7777777777777778
5, 0.7777777777777778
6, 0.7777777777777778
7, 0.7777777777777778
8, 0.7777777777777778
9, 0.7777777777777778
