time_step, score
0, 0.8421052631578947
1, 0.8421052631578947
2, 0.8421052631578947
3, 0.8421052631578947
4, 0.8421052631578947
5, 0.8421052631578947
6, 0.8421052631578947
7, 0.8421052631578947
8, 0.8421052631578947
9, 0.8421052631578947
