time_step, score
0, 0.5294117647058824
1, 0.5294117647058824
2, 0.5294117647058824
3, 0.5294117647058824
4, 0.5294117647058824
5, 0.5294117647058824
6, 0.5294117647058824
7, 0.5294117647058824
8, 0.5294117647058824
9, 0.5294117647058824
