time_step, score
0, 0.3835616438356164
1, 0.3835616438356164
2, 0.3835616438356164
3, 0.3835616438356164
4, 0.3835616438356164
5, 0.3835616438356164
6, 0.3835616438356164
7, 0.3835616438356164
8, 0.3835616438356164
9, 0.3835616438356164
