time_step, score
0, 0.7142857142857143
1, 0.7142857142857143
2, 0.7142857142857143
3, 0.7142857142857143
4, 0.7142857142857143
5, 0.7142857142857143
6, 0.7142857142857143
7, 0.7142857142857143
8, 0.7142857142857143
9, 0.7142857142857143
