time_step, score
0, 0.6363636363636364
1, 0.6363636363636364
2, 0.6363636363636364
3, 0.6363636363636364
4, 0.6363636363636364
5, 0.6363636363636364
6, 0.6363636363636364
7, 0.6363636363636364
8, 0.6363636363636364
9, 0.6363636363636364
