time_step, score
0, 0.7857142857142857
1, 0.7857142857142857
2, 0.7857142857142857
3, 0.7857142857142857
4, 0.7857142857142857
5, 0.7857142857142857
6, 0.7857142857142857
7, 0.7857142857142857
8, 0.7857142857142857
9, 0.7857142857142857
