time_step, score
0, 0.17532467532467533
1, 0.24025974025974026
2, 0.24025974025974026
3, 0.24675324675324675
4, 0.24675324675324675
5, 0.24675324675324675
6, 0.24675324675324675
7, 0.24675324675324675
8, 0.24675324675324675
9, 0.24675324675324675
10, 0.24675324675324675
11, 0.24675324675324675
12, 0.24675324675324675
13, 0.2532467532467532
14, 0.2532467532467532
15, 0.2532467532467532
16, 0.2532467532467532
17, 0.2532467532467532
18, 0.2532467532467532
19, 0.2532467532467532
