time_step, score
0, 0.5185185185185185
1, 0.5185185185185185
2, 0.5185185185185185
3, 0.5185185185185185
4, 0.5185185185185185
5, 0.5185185185185185
6, 0.5185185185185185
7, 0.5185185185185185
8, 0.5185185185185185
9, 0.5185185185185185
