time_step, score
0, 0.21774193548387097
1, 0.24193548387096775
2, 0.24193548387096775
3, 0.24193548387096775
4, 0.24193548387096775
5, 0.2661290322580645
6, 0.2903225806451613
7, 0.2903225806451613
8, 0.2903225806451613
9, 0.2903225806451613
10, 0.2903225806451613
11, 0.2903225806451613
12, 0.2903225806451613
13, 0.2903225806451613
14, 0.2903225806451613
15, 0.2903225806451613
16, 0.2903225806451613
17, 0.3467741935483871
18, 0.3467741935483871
19, 0.3467741935483871
