time_step, score
0, 0.7619047619047619
1, 0.7619047619047619
2, 0.7619047619047619
3, 0.7619047619047619
4, 0.7619047619047619
5, 0.7619047619047619
6, 0.7619047619047619
7, 0.7619047619047619
8, 0.7619047619047619
9, 0.7619047619047619
