time_step, score
0, 0.4074074074074074
1, 0.4074074074074074
2, 0.4074074074074074
3, 0.4074074074074074
4, 0.4074074074074074
5, 0.4074074074074074
6, 0.4074074074074074
7, 0.4074074074074074
8, 0.4074074074074074
9, 0.4074074074074074
