time_step, score
0, 0.9393939393939394
1, 0.9393939393939394
2, 0.9393939393939394
3, 0.9393939393939394
4, 0.9393939393939394
5, 0.9393939393939394
6, 0.9393939393939394
7, 0.9393939393939394
8, 0.9393939393939394
9, 0.9393939393939394
