time_step, score
0, 0.5454545454545454
1, 0.5454545454545454
2, 0.5454545454545454
3, 0.5454545454545454
4, 0.5454545454545454
5, 0.5454545454545454
6, 0.5454545454545454
7, 0.5454545454545454
8, 0.5454545454545454
9, 0.5454545454545454
