time_step, score
0, 0.4666666666666667
1, 0.4666666666666667
2, 0.4666666666666667
3, 0.4666666666666667
4, 0.4666666666666667
5, 0.4666666666666667
6, 0.4666666666666667
7, 0.4666666666666667
8, 0.4666666666666667
9, 0.4666666666666667
