time_step, score
0, 0.47368421052631576
1, 0.47368421052631576
2, 0.47368421052631576
3, 0.47368421052631576
4, 0.47368421052631576
5, 0.47368421052631576
6, 0.47368421052631576
7, 0.47368421052631576
8, 0.47368421052631576
9, 0.47368421052631576
