time_step, score
0, 0.8181818181818182
1, 0.8181818181818182
2, 0.8181818181818182
3, 0.8181818181818182
4, 0.8181818181818182
5, 0.8181818181818182
6, 0.8181818181818182
7, 0.8181818181818182
8, 0.8181818181818182
9, 0.8181818181818182
