time_step, score
0, 0.3793103448275862
1, 0.3793103448275862
2, 0.3793103448275862
3, 0.3793103448275862
4, 0.3793103448275862
5, 0.3793103448275862
6, 0.3793103448275862
7, 0.3793103448275862
8, 0.3793103448275862
9, 0.3793103448275862
