time_step, score
0, 0.5714285714285714
1, 0.5714285714285714
2, 0.5714285714285714
3, 0.5714285714285714
4, 0.5714285714285714
5, 0.5714285714285714
6, 0.5714285714285714
7, 0.5714285714285714
8, 0.5714285714285714
9, 0.5714285714285714
