time_step, score
0, 0.9487179487179487
1, 0.9487179487179487
2, 0.9487179487179487
3, 0.9487179487179487
4, 0.9487179487179487
5, 0.9487179487179487
6, 0.9487179487179487
7, 0.9487179487179487
8, 0.9487179487179487
9, 0.9487179487179487
