time_step, score
0, 0.11538461538461539
1, 0.11538461538461539
2, 0.11538461538461539
3, 0.11538461538461539
4, 0.11538461538461539
5, 0.11538461538461539
6, 0.11538461538461539
7, 0.11538461538461539
8, 0.11538461538461539
9, 0.11538461538461539
