time_step, score
0, 0.5217391304347826
1, 0.5217391304347826
2, 0.5217391304347826
3, 0.5217391304347826
4, 0.5217391304347826
5, 0.5217391304347826
6, 0.5217391304347826
7, 0.5217391304347826
8, 0.5217391304347826
9, 0.5217391304347826
