time_step, score
0, 0.2727272727272727
1, 0.2727272727272727
2, 0.2727272727272727
3, 0.2727272727272727
4, 0.2727272727272727
5, 0.2727272727272727
6, 0.2727272727272727
7, 0.2727272727272727
8, 0.2727272727272727
9, 0.2727272727272727
