time_step, score
0, 0.8333333333333334
1, 0.8333333333333334
2, 0.8333333333333334
3, 0.8333333333333334
4, 0.8333333333333334
5, 0.8333333333333334
6, 0.8333333333333334
7, 0.8333333333333334
8, 0.8333333333333334
9, 0.8333333333333334
