time_step, score
0, 0.8636363636363636
1, 0.8636363636363636
2, 0.8636363636363636
3, 0.8636363636363636
4, 0.8636363636363636
5, 0.8636363636363636
6, 0.8636363636363636
7, 0.8636363636363636
8, 0.8636363636363636
9, 0.8636363636363636
