time_step, score
0, 0.6153846153846154
1, 0.6153846153846154
2, 0.6153846153846154
3, 0.8076923076923077
4, 0.8076923076923077
5, 0.8076923076923077
6, 0.8076923076923077
7, 0.8076923076923077
8, 0.8076923076923077
9, 0.8076923076923077
