time_step, score
0, 0.7941176470588235
1, 0.7941176470588235
2, 0.9411764705882353
3, 0.9411764705882353
4, 0.9411764705882353
5, 0.9411764705882353
6, 0.9411764705882353
7, 0.9411764705882353
8, 0.9411764705882353
9, 0.9411764705882353
10, 0.9411764705882353
11, 0.9411764705882353
12, 0.9411764705882353
13, 0.9411764705882353
14, 0.9411764705882353
15, 0.9411764705882353
16, 0.9411764705882353
17, 0.9411764705882353
18, 0.9411764705882353
19, 0.9411764705882353
