time_step, score
0, 0.08571428571428572
1, 0.08571428571428572
2, 0.08571428571428572
3, 0.08571428571428572
4, 0.08571428571428572
5, 0.08571428571428572
6, 0.08571428571428572
7, 0.08571428571428572
8, 0.08571428571428572
9, 0.08571428571428572
