time_step, score
0, 0.07692307692307693
1, 0.07692307692307693
2, 0.07692307692307693
3, 0.07692307692307693
4, 0.07692307692307693
5, 0.07692307692307693
6, 0.07692307692307693
7, 0.07692307692307693
8, 0.07692307692307693
9, 0.07692307692307693
