time_step, score
0, 0.7916666666666666
1, 0.7916666666666666
2, 0.7916666666666666
3, 0.7916666666666666
4, 0.7916666666666666
5, 0.7916666666666666
6, 0.7916666666666666
7, 0.7916666666666666
8, 0.7916666666666666
9, 0.7916666666666666
