time_step, score
0, 0.9459459459459459
1, 0.9459459459459459
2, 0.9459459459459459
3, 0.9459459459459459
4, 0.9459459459459459
5, 0.9459459459459459
6, 0.9459459459459459
7, 0.9459459459459459
8, 0.9459459459459459
9, 0.9459459459459459
