time_step, score
0, 0.8461538461538461
1, 0.8461538461538461
2, 0.8461538461538461
3, 0.8461538461538461
4, 0.8461538461538461
5, 0.8461538461538461
6, 0.8461538461538461
7, 0.8461538461538461
8, 0.8461538461538461
9, 0.8461538461538461
