time_step, score
0, 0.5384615384615384
1, 0.5384615384615384
2, 0.5384615384615384
3, 0.5384615384615384
4, 0.5384615384615384
5, 0.5384615384615384
6, 0.5384615384615384
7, 0.5384615384615384
8, 0.5384615384615384
9, 0.5384615384615384
