time_step, score
0, 0.9047619047619048
1, 0.9047619047619048
2, 0.9047619047619048
3, 0.9047619047619048
4, 0.9047619047619048
5, 0.9047619047619048
6, 0.9047619047619048
7, 0.9047619047619048
8, 0.9047619047619048
9, 0.9047619047619048
