time_step, score
0, 0.38095238095238093
1, 0.38095238095238093
2, 0.38095238095238093
3, 0.38095238095238093
4, 0.38095238095238093
5, 0.38095238095238093
6, 0.38095238095238093
7, 0.38095238095238093
8, 0.38095238095238093
9, 0.38095238095238093
