time_step, score
0, 0.8235294117647058
1, 0.8235294117647058
2, 0.8235294117647058
3, 0.8235294117647058
4, 0.8235294117647058
5, 0.8235294117647058
6, 0.8235294117647058
7, 0.8235294117647058
8, 0.8235294117647058
9, 0.8235294117647058
