time_step, score
0, 0.09433962264150944
1, 0.09433962264150944
2, 0.09433962264150944
3, 0.09433962264150944
4, 0.09433962264150944
5, 0.09433962264150944
6, 0.09433962264150944
7, 0.09433962264150944
8, 0.09433962264150944
9, 0.09433962264150944
