time_step, score
0, 0.975609756097561
1, 0.9902439024390244
2, 0.9902439024390244
3, 0.9902439024390244
4, 0.9902439024390244
5, 0.9902439024390244
6, 0.9902439024390244
7, 0.9902439024390244
8, 0.9902439024390244
9, 0.9902439024390244
10, 0.9902439024390244
11, 0.9902439024390244
12, 0.9902439024390244
13, 0.9902439024390244
14, 0.9902439024390244
15, 0.9902439024390244
16, 0.9902439024390244
17, 0.9902439024390244
18, 0.9902439024390244
19, 0.9902439024390244
