time_step, score
0, 0.2872340425531915
1, 0.2872340425531915
2, 0.3191489361702128
3, 0.3191489361702128
4, 0.3191489361702128
5, 0.3191489361702128
6, 0.39361702127659576
7, 0.4148936170212766
8, 0.4148936170212766
9, 0.4148936170212766
10, 0.4148936170212766
11, 0.4148936170212766
12, 0.4148936170212766
13, 0.4148936170212766
14, 0.4148936170212766
15, 0.4148936170212766
16, 0.4148936170212766
17, 0.4148936170212766
18, 0.4148936170212766
19, 0.4148936170212766
