time_step, score
0, 0.7948717948717948
1, 0.7948717948717948
2, 0.7948717948717948
3, 0.7948717948717948
4, 0.7948717948717948
5, 0.7948717948717948
6, 0.7948717948717948
7, 0.7948717948717948
8, 0.7948717948717948
9, 0.7948717948717948
