time_step, score
0, 0.8148148148148148
1, 0.8148148148148148
2, 0.8148148148148148
3, 0.8148148148148148
4, 0.8148148148148148
5, 0.8148148148148148
6, 0.8148148148148148
7, 0.8148148148148148
8, 0.8148148148148148
9, 0.8148148148148148
