time_step, score
0, 0.8571428571428571
1, 0.8571428571428571
2, 0.8571428571428571
3, 0.8571428571428571
4, 0.8571428571428571
5, 0.8571428571428571
6, 0.8571428571428571
7, 0.8571428571428571
8, 0.8571428571428571
9, 0.8571428571428571
