time_step, score
0, 0.42857142857142855
1, 0.42857142857142855
2, 0.42857142857142855
3, 0.42857142857142855
4, 0.42857142857142855
5, 0.42857142857142855
6, 0.42857142857142855
7, 0.42857142857142855
8, 0.42857142857142855
9, 0.42857142857142855
